<?xml version="1.0" encoding="UTF-8"?>

<mule xmlns:dw="http://www.mulesoft.org/schema/mule/ee/dw" xmlns:metadata="http://www.mulesoft.org/schema/mule/metadata" xmlns:http="http://www.mulesoft.org/schema/mule/http" xmlns="http://www.mulesoft.org/schema/mule/core" xmlns:doc="http://www.mulesoft.org/schema/mule/documentation"
	xmlns:spring="http://www.springframework.org/schema/beans" 
	xmlns:xsi="http://www.w3.org/2001/XMLSchema-instance"
	xsi:schemaLocation="http://www.springframework.org/schema/beans http://www.springframework.org/schema/beans/spring-beans-current.xsd
http://www.mulesoft.org/schema/mule/core http://www.mulesoft.org/schema/mule/core/current/mule.xsd
http://www.mulesoft.org/schema/mule/http http://www.mulesoft.org/schema/mule/http/current/mule-http.xsd
http://www.mulesoft.org/schema/mule/ee/dw http://www.mulesoft.org/schema/mule/ee/dw/current/dw.xsd">
    <http:listener-config name="HTTP_Listener_Configuration" host="0.0.0.0" port="8081" doc:name="HTTP Listener Configuration"/>
    <flow name="mule_scatter_gatherFlow">
        <http:listener config-ref="HTTP_Listener_Configuration" path="/test" allowedMethods="GET" doc:name="HTTP"/>
        <scatter-gather doc:name="Scatter-Gather">
            <set-payload value="#[[{ &quot;bookId&quot;:&quot;101&quot;,     &quot;title&quot;:&quot;world history&quot;,     &quot;year&quot;:&quot;2017&quot;,     &quot;isbn&quot;:&quot;11111&quot;,     &quot;price&quot;:&quot;19.99&quot;   },   {     &quot;bookId&quot;:&quot;202&quot;,     &quot;title&quot;:&quot;the great outdoors&quot;,     &quot;year&quot;:&quot;2016&quot;,     &quot;isbn&quot;:&quot;22222&quot;,     &quot;price&quot;:&quot;15.99&quot;   } ]]" doc:name="Set Payload"/>
            <set-payload value="#[[   {     &quot;bookId&quot;:&quot;101&quot;,     &quot;author&quot;:&quot;john doe&quot;   },   {     &quot;bookId&quot;:&quot;202&quot;,     &quot;author&quot;:&quot;jane doe&quot;   } ]]" doc:name="Set Payload"/>
        </scatter-gather>
        <dw:transform-message doc:name="Transform Message">
            <dw:set-payload><![CDATA[%dw 1.0
%output application/java
---

 payload[0] map using (id = $.bookId) {
 	bookId:		$.bookId,
 	title:		$.title,
 	year: 		$.year,
 	isbn:	 	$.isbn,
 	price: 		$.price,
 	(payload[1] filter ($.*bookId contains id)  map {
 		author:$.author
     })
  }]]></dw:set-payload>
        </dw:transform-message>
        <logger message="#[message.payload]" level="INFO" doc:name="Logger"/>
    </flow>
</mule>
